filename,angle
rotated_rectangle_0,-3.4426514145623415
rotated_rectangle_1,-8.456530949352466
rotated_rectangle_2,6.478409575108223
rotated_rectangle_3,6.329399604398219
rotated_rectangle_4,-3.942282701458632
rotated_rectangle_5,-1.1927224476603637
rotated_rectangle_6,7.476709336285964
rotated_rectangle_7,8.126836241639722
rotated_rectangle_8,5.860031574489275
rotated_rectangle_9,-7.678364573755099
rotated_rectangle_10,-6.837971030013168
rotated_rectangle_11,-6.970169588863029
rotated_rectangle_12,0.4352984730665419
rotated_rectangle_13,-0.7163561367150013
rotated_rectangle_14,5.171541922477385
rotated_rectangle_15,-3.926553333928484
rotated_rectangle_16,4.350113208084949
rotated_rectangle_17,2.811100845390726
rotated_rectangle_18,6.381776451593808
rotated_rectangle_19,-3.4626614965856746
rotated_rectangle_20,8.277015699370619
rotated_rectangle_21,7.191033278178061
rotated_rectangle_22,9.195150854745904
rotated_rectangle_23,-0.3980983900028008
rotated_rectangle_24,9.287039855655458
rotated_rectangle_25,6.683502506304613
rotated_rectangle_26,-8.390628031110639
rotated_rectangle_27,-9.733907516493346
rotated_rectangle_28,1.000423790564195
rotated_rectangle_29,4.070584194117952
rotated_rectangle_30,6.042063760979726
rotated_rectangle_31,-1.9584895962406197
rotated_rectangle_32,-2.462377789756058
rotated_rectangle_33,-7.280361260959614
rotated_rectangle_34,-1.1712201116109338
rotated_rectangle_35,6.100098606398298
rotated_rectangle_36,-5.817479047192295
rotated_rectangle_37,7.123008068967149
rotated_rectangle_38,8.898826401980113
rotated_rectangle_39,9.039548864050914
rotated_rectangle_40,-6.54890938751846
rotated_rectangle_41,-8.461156502513232
rotated_rectangle_42,-7.709685356411642
rotated_rectangle_43,3.296525954373152
rotated_rectangle_44,-0.9662531834595374
rotated_rectangle_45,-3.6276066310251682
rotated_rectangle_46,-9.519796870117318
rotated_rectangle_47,5.567649349504901
rotated_rectangle_48,8.976204676286478
rotated_rectangle_49,-5.184229403021668
rotated_rectangle_50,-9.959017552600216
rotated_rectangle_51,-6.625549113752323
rotated_rectangle_52,5.8525362599135295
rotated_rectangle_53,4.04721374595465
rotated_rectangle_54,-6.549388039384693
rotated_rectangle_55,-9.933452458644505
rotated_rectangle_56,8.223284095574474
rotated_rectangle_57,6.5077225167260195
rotated_rectangle_58,8.802908857705624
rotated_rectangle_59,-1.5281072444510908
rotated_rectangle_60,4.575362697264717
rotated_rectangle_61,9.442152635712645
rotated_rectangle_62,-6.2808097176474
rotated_rectangle_63,4.667168401686899
rotated_rectangle_64,2.942368328829568
rotated_rectangle_65,-2.3730560294336804
rotated_rectangle_66,-8.340678028599445
rotated_rectangle_67,-8.309377578736292
rotated_rectangle_68,7.818471351544769
rotated_rectangle_69,-5.461665289061042
rotated_rectangle_70,7.712212689548725
rotated_rectangle_71,-8.171679945314963
rotated_rectangle_72,1.6370809813855018
rotated_rectangle_73,-0.5365137068883463
rotated_rectangle_74,6.270603342732688
rotated_rectangle_75,-1.761959232140489
rotated_rectangle_76,-4.45287001657511
rotated_rectangle_77,2.2329954486315486
rotated_rectangle_78,-0.7842491209291289
rotated_rectangle_79,2.8097018833516874
rotated_rectangle_80,3.428828339462285
rotated_rectangle_81,-4.898703803689848
rotated_rectangle_82,-1.1965240727604147
rotated_rectangle_83,5.672341557259532
rotated_rectangle_84,-2.7792640731698492
rotated_rectangle_85,1.7483251536533295
rotated_rectangle_86,-3.678658226159561
rotated_rectangle_87,4.9996575801543806
rotated_rectangle_88,9.429866292774669
rotated_rectangle_89,6.689730902461626
rotated_rectangle_90,0.07156663554932763
rotated_rectangle_91,1.8377964152108461
rotated_rectangle_92,3.389727986832918
rotated_rectangle_93,9.883277074959278
rotated_rectangle_94,0.7795810712077937
rotated_rectangle_95,6.056669871658979
rotated_rectangle_96,2.535832334813078
rotated_rectangle_97,-5.486753108825006
rotated_rectangle_98,6.636413195320522
rotated_rectangle_99,0.029628125041194053
rotated_rectangle_100,-1.4156827455860554
rotated_rectangle_101,9.566471568403255
rotated_rectangle_102,8.168956629579025
rotated_rectangle_103,7.2658337348291155
rotated_rectangle_104,3.7490689732948894
rotated_rectangle_105,2.7076941798166807
rotated_rectangle_106,4.968364929989999
rotated_rectangle_107,-7.974673586359556
rotated_rectangle_108,9.62534831714164
rotated_rectangle_109,6.980438983466545
rotated_rectangle_110,2.8573858469188007
rotated_rectangle_111,5.167017726231977
rotated_rectangle_112,5.6100967920312925
rotated_rectangle_113,4.1077764565181845
rotated_rectangle_114,3.27057272512838
rotated_rectangle_115,8.185909369500536
rotated_rectangle_116,-8.209064275145813
rotated_rectangle_117,-8.528231939671045
rotated_rectangle_118,-8.097870301382507
rotated_rectangle_119,-2.4030807863570995
rotated_rectangle_120,-0.42893948127097303
rotated_rectangle_121,-2.585613249959893
rotated_rectangle_122,3.8385683923801306
rotated_rectangle_123,1.907380504246463
rotated_rectangle_124,-5.9613488344271826
rotated_rectangle_125,-3.6068703059379263
rotated_rectangle_126,5.072142310006949
rotated_rectangle_127,7.940458669702409
rotated_rectangle_128,3.265870166967879
rotated_rectangle_129,-9.422964635791596
rotated_rectangle_130,3.9646741237260326
rotated_rectangle_131,5.813760773860713
rotated_rectangle_132,2.6464049031941315
rotated_rectangle_133,6.764514517728145
rotated_rectangle_134,-2.022886085420266
rotated_rectangle_135,-4.8045796780304295
rotated_rectangle_136,-9.744385069327215
rotated_rectangle_137,-2.9935281200245463
rotated_rectangle_138,1.186599002281115
rotated_rectangle_139,-4.5503200467894755
rotated_rectangle_140,5.357217262956912
rotated_rectangle_141,-5.9273043536249155
rotated_rectangle_142,-7.06871501353392
rotated_rectangle_143,4.998831259531402
rotated_rectangle_144,1.4832725714054202
rotated_rectangle_145,7.932969569446268
rotated_rectangle_146,0.9477025133301797
rotated_rectangle_147,4.988871077739931
rotated_rectangle_148,-5.431818469610428
rotated_rectangle_149,8.056752513467057
rotated_rectangle_150,2.58415087124202
rotated_rectangle_151,5.463512293931851
rotated_rectangle_152,-4.201999766032363
rotated_rectangle_153,-6.792159704554583
rotated_rectangle_154,5.675635002707505
rotated_rectangle_155,-6.611936495520356
rotated_rectangle_156,-8.02817226027013
rotated_rectangle_157,-5.187663614891882
rotated_rectangle_158,2.1529201168629477
rotated_rectangle_159,3.2752168693943133
rotated_rectangle_160,4.8691039830483
rotated_rectangle_161,3.8204103736075936
rotated_rectangle_162,-9.126080311222571
rotated_rectangle_163,5.380712510728591
rotated_rectangle_164,4.510913442416189
rotated_rectangle_165,2.586711061137679
rotated_rectangle_166,-8.32756394842141
rotated_rectangle_167,-5.679734065143789
rotated_rectangle_168,-9.330723012777966
rotated_rectangle_169,-5.387017723620331
rotated_rectangle_170,9.396742340866638
rotated_rectangle_171,-0.6456892727906336
rotated_rectangle_172,-9.889084106444479
rotated_rectangle_173,4.358528182310135
rotated_rectangle_174,-4.834769618370062
rotated_rectangle_175,-0.7486320870173877
rotated_rectangle_176,3.496478691861352
rotated_rectangle_177,7.921052877241632
rotated_rectangle_178,-1.957306701284999
rotated_rectangle_179,1.6851140135685068
rotated_rectangle_180,2.2016791515610485
rotated_rectangle_181,-9.716624113953946
rotated_rectangle_182,-5.1721077491921275
rotated_rectangle_183,-2.6254600746135814
rotated_rectangle_184,-1.4259112135805125
rotated_rectangle_185,-3.060439012454541
rotated_rectangle_186,-4.09510261648796
rotated_rectangle_187,-8.703716713645932
rotated_rectangle_188,0.08517199316527879
rotated_rectangle_189,-7.298996899442651
rotated_rectangle_190,-6.695788596926368
rotated_rectangle_191,1.790742103731242
rotated_rectangle_192,-4.140480409112599
rotated_rectangle_193,-6.355569519834361
rotated_rectangle_194,-5.563518730302064
rotated_rectangle_195,1.6123595848059047
rotated_rectangle_196,-2.866752131119659
rotated_rectangle_197,-1.289087093847538
rotated_rectangle_198,1.6685010554559057
rotated_rectangle_199,0.3489979819250699
rotated_rectangle_200,4.2865774071173135
rotated_rectangle_201,-5.090976605794626
rotated_rectangle_202,5.532795696926897
rotated_rectangle_203,-7.600517911739308
rotated_rectangle_204,-4.781517143812657
rotated_rectangle_205,-9.952843051535504
rotated_rectangle_206,-6.872645582373044
rotated_rectangle_207,5.008448139556341
rotated_rectangle_208,1.5478215829801663
rotated_rectangle_209,-9.39541684711983
rotated_rectangle_210,1.4482726983760692
rotated_rectangle_211,5.003135854392784
rotated_rectangle_212,-7.71502009386279
rotated_rectangle_213,8.457594170473378
rotated_rectangle_214,-0.9532838513643966
rotated_rectangle_215,1.8181851635065094
rotated_rectangle_216,-0.1527245556948884
rotated_rectangle_217,-2.723289157645179
rotated_rectangle_218,7.645360659893193
rotated_rectangle_219,7.00495917474333
rotated_rectangle_220,8.674297276452961
rotated_rectangle_221,2.7837029598959457
rotated_rectangle_222,6.872113198241049
rotated_rectangle_223,9.30163634876654
rotated_rectangle_224,7.576804260357502
rotated_rectangle_225,9.325485389344667
rotated_rectangle_226,0.16056702035845127
rotated_rectangle_227,1.6840675099705997
rotated_rectangle_228,8.050113688712102
rotated_rectangle_229,7.340957980355714
rotated_rectangle_230,6.146831207950317
rotated_rectangle_231,-7.221989633713825
rotated_rectangle_232,6.082098224602781
rotated_rectangle_233,6.980695733817811
rotated_rectangle_234,-1.080653285671623
rotated_rectangle_235,-6.568662299414214
rotated_rectangle_236,-7.124664158138625
rotated_rectangle_237,-8.969797714208704
rotated_rectangle_238,-8.788018907337044
rotated_rectangle_239,5.977977525697334
rotated_rectangle_240,0.638125476482692
rotated_rectangle_241,5.75122793491845
rotated_rectangle_242,1.459172951254203
rotated_rectangle_243,7.358146434204929
rotated_rectangle_244,-2.6778188941765446
rotated_rectangle_245,3.968324342864184
rotated_rectangle_246,-3.4925067917293307
rotated_rectangle_247,-2.30766538178173
rotated_rectangle_248,4.80700124301066
rotated_rectangle_249,-9.19192396792054
rotated_rectangle_250,-8.645826872395743
rotated_rectangle_251,-2.8493616610852275
rotated_rectangle_252,7.785146077225601
rotated_rectangle_253,-8.083538608328382
rotated_rectangle_254,6.00215326138844
rotated_rectangle_255,1.524011048867111
rotated_rectangle_256,2.9522275621830154
rotated_rectangle_257,-0.7050856942098669
rotated_rectangle_258,-7.840305709019861
rotated_rectangle_259,-8.336734351221281
rotated_rectangle_260,5.085779045848607
rotated_rectangle_261,-9.970249306875008
rotated_rectangle_262,2.083550848491427
rotated_rectangle_263,-0.6745666683403773
rotated_rectangle_264,-4.171605696541363
rotated_rectangle_265,2.1167605041493616
rotated_rectangle_266,9.985193141248963
rotated_rectangle_267,-9.057419363232153
rotated_rectangle_268,-3.661852089945638
rotated_rectangle_269,1.2539313687374012
rotated_rectangle_270,-6.219188321898335
rotated_rectangle_271,-9.064278170440097
rotated_rectangle_272,-0.5377893226268
rotated_rectangle_273,5.5057619007795555
rotated_rectangle_274,2.8912267604915893
rotated_rectangle_275,9.831913301694833
rotated_rectangle_276,-2.837726712481336
rotated_rectangle_277,1.9172263210170293
rotated_rectangle_278,-3.469986806183261
rotated_rectangle_279,-8.159561464688668
rotated_rectangle_280,-3.72478130798628
rotated_rectangle_281,3.6747232419783256
rotated_rectangle_282,-5.362227551661027
rotated_rectangle_283,-7.150158381378824
rotated_rectangle_284,0.3011184454381688
rotated_rectangle_285,-9.843317787983171
rotated_rectangle_286,1.4203861600120131
rotated_rectangle_287,-0.4924641331422137
rotated_rectangle_288,-7.8655656204443485
rotated_rectangle_289,2.9003856226996696
rotated_rectangle_290,7.851770058474749
rotated_rectangle_291,7.391546022391424
rotated_rectangle_292,-7.439527889329476
rotated_rectangle_293,1.9956591805040311
rotated_rectangle_294,-4.465213145081856
rotated_rectangle_295,-5.25265627332328
rotated_rectangle_296,-9.623969816734252
rotated_rectangle_297,-9.619780270356257
rotated_rectangle_298,9.861102394618722
rotated_rectangle_299,5.047946383080999
rotated_rectangle_300,-2.870101382578019
rotated_rectangle_301,-8.177230748648238
rotated_rectangle_302,-1.773466910339696
rotated_rectangle_303,6.320695379165091
rotated_rectangle_304,9.049306057939063
rotated_rectangle_305,-5.5903407534264264
rotated_rectangle_306,3.3936288337738603
rotated_rectangle_307,6.607277726382954
rotated_rectangle_308,2.2487668756565764
rotated_rectangle_309,-1.8633207755400925
rotated_rectangle_310,-7.641244571198067
rotated_rectangle_311,-3.2653621099476275
rotated_rectangle_312,-8.554980095905728
rotated_rectangle_313,-2.846157850111246
rotated_rectangle_314,9.223732568868488
rotated_rectangle_315,-4.626960616398048
rotated_rectangle_316,-6.337549653765304
rotated_rectangle_317,9.729313997845445
rotated_rectangle_318,-5.875585365517894
rotated_rectangle_319,-0.44489886913418886
rotated_rectangle_320,-2.4510645331929144
rotated_rectangle_321,-0.39287140944431265
rotated_rectangle_322,9.164578541173988
rotated_rectangle_323,5.841642697906604
rotated_rectangle_324,-1.4440199302867978
rotated_rectangle_325,-0.01603219039654391
rotated_rectangle_326,2.554148516403556
rotated_rectangle_327,-9.426652760802705
rotated_rectangle_328,8.007075918543617
rotated_rectangle_329,5.9929934797857385
rotated_rectangle_330,-4.196074166235093
rotated_rectangle_331,9.256566330607928
rotated_rectangle_332,-2.8970361314657485
rotated_rectangle_333,7.792249856689292
rotated_rectangle_334,-8.447795111333017
rotated_rectangle_335,5.944546570082252
rotated_rectangle_336,-3.4880618486069315
rotated_rectangle_337,-6.037420364317252
rotated_rectangle_338,-0.16430799647304362
rotated_rectangle_339,-5.508230750766458
rotated_rectangle_340,7.291721716880804
rotated_rectangle_341,2.9332024629268876
rotated_rectangle_342,-3.112476483514836
rotated_rectangle_343,0.031329760847651045
rotated_rectangle_344,6.063554842882326
rotated_rectangle_345,8.145625000855365
rotated_rectangle_346,5.541999681265882
rotated_rectangle_347,-9.95464512778182
rotated_rectangle_348,1.3206001065707866
rotated_rectangle_349,-5.4865264527577935
rotated_rectangle_350,-7.066943403641068
rotated_rectangle_351,1.1987061279187543
rotated_rectangle_352,-0.7536859546662917
rotated_rectangle_353,2.1290017890143726
rotated_rectangle_354,2.8279083892551515
rotated_rectangle_355,-9.347307637766061
rotated_rectangle_356,4.503324947771501
rotated_rectangle_357,2.825715641596018
rotated_rectangle_358,-2.4150749610884485
rotated_rectangle_359,-8.081440494414608
rotated_rectangle_360,3.303859476536884
rotated_rectangle_361,-5.8852563667654545
rotated_rectangle_362,-4.266033270867902
rotated_rectangle_363,-2.842436878793335
rotated_rectangle_364,-4.602385016826862
rotated_rectangle_365,-3.798024927305386
rotated_rectangle_366,6.53690434793711
rotated_rectangle_367,8.474875875236314
rotated_rectangle_368,-7.398153432689718
rotated_rectangle_369,7.309710650987359
rotated_rectangle_370,-2.166648253226384
rotated_rectangle_371,-4.354908916664257
rotated_rectangle_372,2.038302798062791
rotated_rectangle_373,9.568995799205084
rotated_rectangle_374,8.590620855321315
rotated_rectangle_375,-1.9619820438102487
rotated_rectangle_376,8.43897195188844
rotated_rectangle_377,2.1095088650040577
rotated_rectangle_378,5.2495163440308446
rotated_rectangle_379,2.857963456908873
rotated_rectangle_380,4.190252427590799
rotated_rectangle_381,1.6804271727084306
rotated_rectangle_382,-8.515734936823264
rotated_rectangle_383,9.60653120645134
rotated_rectangle_384,-9.957554034322122
rotated_rectangle_385,4.24280510328898
rotated_rectangle_386,5.884474039243946
rotated_rectangle_387,-1.619596125266849
rotated_rectangle_388,-9.540478621659162
rotated_rectangle_389,-2.627276404474994
rotated_rectangle_390,-7.458883068834639
rotated_rectangle_391,-3.292161122339121
rotated_rectangle_392,9.945208066439811
rotated_rectangle_393,1.8973728842290605
rotated_rectangle_394,2.329579814937915
rotated_rectangle_395,7.284439902730643
rotated_rectangle_396,7.021429452382321
rotated_rectangle_397,1.8576358726522066
rotated_rectangle_398,-0.2324916780421198
rotated_rectangle_399,3.9186935577297923
rotated_rectangle_400,6.598182636388497
rotated_rectangle_401,-8.481994458717349
rotated_rectangle_402,4.988846054299822
rotated_rectangle_403,2.7661845963017484
rotated_rectangle_404,-1.5379625900619267
rotated_rectangle_405,-7.0197355938841195
rotated_rectangle_406,2.695366265475627
rotated_rectangle_407,-9.881568086010743
rotated_rectangle_408,-1.6640733986435663
rotated_rectangle_409,9.207786349452402
rotated_rectangle_410,8.984896411595852
rotated_rectangle_411,-0.42568092450386175
rotated_rectangle_412,-0.15670191204505457
rotated_rectangle_413,8.635102004770012
rotated_rectangle_414,-0.6495228240894573
rotated_rectangle_415,-6.227892878725932
rotated_rectangle_416,6.562175911499267
rotated_rectangle_417,4.189096404936937
rotated_rectangle_418,-3.518336287517445
rotated_rectangle_419,9.060800412910325
rotated_rectangle_420,0.2970519879084126
rotated_rectangle_421,-5.550242475624721
rotated_rectangle_422,2.0836610981308503
rotated_rectangle_423,-3.1509595002099395
rotated_rectangle_424,3.353097173012836
rotated_rectangle_425,-4.397823388942816
rotated_rectangle_426,3.4332733418764896
rotated_rectangle_427,-9.984955612353234
rotated_rectangle_428,-6.6536944647317675
rotated_rectangle_429,-8.61041901238156
rotated_rectangle_430,-2.1892754298026613
rotated_rectangle_431,0.8004543857572273
rotated_rectangle_432,1.7864439668867345
rotated_rectangle_433,-8.903286454963864
rotated_rectangle_434,7.780886334780632
rotated_rectangle_435,8.166269758146608
rotated_rectangle_436,-5.329019268522024
rotated_rectangle_437,-7.119528446323886
rotated_rectangle_438,-9.165950737654015
rotated_rectangle_439,-6.717833557835156
rotated_rectangle_440,3.7031960362033622
rotated_rectangle_441,1.4861640734250852
rotated_rectangle_442,6.386621199161237
rotated_rectangle_443,-9.766452392335946
rotated_rectangle_444,-6.503489385975165
rotated_rectangle_445,-1.6710455631952286
rotated_rectangle_446,-4.0421227087726415
rotated_rectangle_447,-0.6925228356389361
rotated_rectangle_448,-0.5578152625350246
rotated_rectangle_449,5.495096841441182
rotated_rectangle_450,-3.702742764092866
rotated_rectangle_451,-1.9448130944646795
rotated_rectangle_452,4.236848762837411
rotated_rectangle_453,6.179145038074616
rotated_rectangle_454,-1.8780050329238485
rotated_rectangle_455,-9.437498078615205
rotated_rectangle_456,-7.841980003755817
rotated_rectangle_457,7.51251053778649
rotated_rectangle_458,8.639078252667261
rotated_rectangle_459,8.120836482903435
rotated_rectangle_460,-5.71489716048357
rotated_rectangle_461,9.138649456412253
rotated_rectangle_462,-5.356946726238001
rotated_rectangle_463,5.974670736422327
rotated_rectangle_464,3.4717180245613513
rotated_rectangle_465,8.325971667203039
rotated_rectangle_466,3.21871751302713
rotated_rectangle_467,-0.709091117907672
rotated_rectangle_468,4.054070768163234
rotated_rectangle_469,2.7348081551030194
rotated_rectangle_470,2.234282020676419
rotated_rectangle_471,-8.391477030719848
rotated_rectangle_472,-6.857940425689315
rotated_rectangle_473,-1.6963953053230583
rotated_rectangle_474,-0.9014684134265742
rotated_rectangle_475,-5.805861230802904
rotated_rectangle_476,-8.36228225699293
rotated_rectangle_477,-5.8838406300901935
rotated_rectangle_478,6.187967403482123
rotated_rectangle_479,-1.749238722031933
rotated_rectangle_480,7.245350003666967
rotated_rectangle_481,9.545504828488795
rotated_rectangle_482,1.4648732502241906
rotated_rectangle_483,1.355739351362482
rotated_rectangle_484,-5.563973408659113
rotated_rectangle_485,4.853396505579424
rotated_rectangle_486,6.263350857730366
rotated_rectangle_487,-4.175131456075951
rotated_rectangle_488,-6.815424090131364
rotated_rectangle_489,-6.737373989293635
rotated_rectangle_490,-2.5534375088717916
rotated_rectangle_491,-2.716854841215291
rotated_rectangle_492,-1.562587664463436
rotated_rectangle_493,0.7744609449931321
rotated_rectangle_494,-2.7693070602506076
rotated_rectangle_495,-7.1236500653660295
rotated_rectangle_496,-5.504674720374276
rotated_rectangle_497,8.178569268568758
rotated_rectangle_498,-9.960589175756358
rotated_rectangle_499,6.618864382763025
rotated_rectangle_500,-5.262761924159321
rotated_rectangle_501,-4.3932895141613715
rotated_rectangle_502,-4.537984923661835
rotated_rectangle_503,-6.476418070136991
rotated_rectangle_504,-5.8708777178808935
rotated_rectangle_505,3.5302165415100752
rotated_rectangle_506,-4.10878796901236
rotated_rectangle_507,7.988660612680558
rotated_rectangle_508,-3.7001579743543083
rotated_rectangle_509,-4.230331316911748
rotated_rectangle_510,5.468804278376991
rotated_rectangle_511,-2.054208120292116
rotated_rectangle_512,5.1186601503400375
rotated_rectangle_513,-2.956910040790399
rotated_rectangle_514,-0.6819768327150637
rotated_rectangle_515,-0.7231830210909802
rotated_rectangle_516,2.328915586380134
rotated_rectangle_517,8.511371178862369
rotated_rectangle_518,2.3689116725712474
rotated_rectangle_519,0.13461375401844222
rotated_rectangle_520,7.385322842135423
rotated_rectangle_521,-8.713768557230054
rotated_rectangle_522,-9.76094246723009
rotated_rectangle_523,-4.129847093950003
rotated_rectangle_524,6.134888389048935
rotated_rectangle_525,9.473334917358432
rotated_rectangle_526,7.670854424956911
rotated_rectangle_527,-9.190253179435306
rotated_rectangle_528,3.9225042951521836
rotated_rectangle_529,1.2701797934359593
rotated_rectangle_530,-7.7250894793523965
rotated_rectangle_531,-1.9816869026559747
rotated_rectangle_532,-2.125787231522505
rotated_rectangle_533,0.02377249471921239
rotated_rectangle_534,-8.384886673010891
rotated_rectangle_535,0.08964052831904645
rotated_rectangle_536,-7.047585753081293
rotated_rectangle_537,5.887146898359143
rotated_rectangle_538,6.562527641908318
rotated_rectangle_539,3.1524207897206686
rotated_rectangle_540,-5.577956582883116
rotated_rectangle_541,3.9357686749195704
rotated_rectangle_542,8.406648866871464
rotated_rectangle_543,-5.837875067242859
rotated_rectangle_544,-7.957695055816895
rotated_rectangle_545,-2.6906371137499097
rotated_rectangle_546,-5.450510707741792
rotated_rectangle_547,7.4523737698428185
rotated_rectangle_548,-1.041476226864086
rotated_rectangle_549,-9.027857667286936
rotated_rectangle_550,-4.328027292293328
rotated_rectangle_551,-0.5181785631220688
rotated_rectangle_552,5.514036348273855
rotated_rectangle_553,7.4252334077022795
rotated_rectangle_554,-2.9455114829750855
rotated_rectangle_555,8.537194461889015
rotated_rectangle_556,2.208041067391912
rotated_rectangle_557,9.885487807497029
rotated_rectangle_558,-5.945648756816526
rotated_rectangle_559,3.693069246821887
rotated_rectangle_560,-2.8670206517163477
rotated_rectangle_561,5.740488040864859
rotated_rectangle_562,-2.135909832359517
rotated_rectangle_563,-9.973622983351152
rotated_rectangle_564,-4.357294730002326
rotated_rectangle_565,5.856753418677464
rotated_rectangle_566,-9.404963140587315
rotated_rectangle_567,4.616571778996953
rotated_rectangle_568,-5.803666292818344
rotated_rectangle_569,2.988477066313509
rotated_rectangle_570,3.537624861685579
rotated_rectangle_571,-2.5634243873681157
rotated_rectangle_572,-2.79203710932586
rotated_rectangle_573,7.150406530444499
rotated_rectangle_574,-3.654819242003562
rotated_rectangle_575,6.446764601573069
rotated_rectangle_576,4.47486681839816
rotated_rectangle_577,3.881793649058496
rotated_rectangle_578,-5.951721924037137
rotated_rectangle_579,2.376278514700637
rotated_rectangle_580,-7.375127359044999
rotated_rectangle_581,-8.531882755019852
rotated_rectangle_582,7.129424862075972
rotated_rectangle_583,-1.8260769050968406
rotated_rectangle_584,-2.3101503222142927
rotated_rectangle_585,5.59799537493441
rotated_rectangle_586,-0.7157742747089468
rotated_rectangle_587,-6.035776714757166
rotated_rectangle_588,9.039456628826215
rotated_rectangle_589,9.239830586187143
rotated_rectangle_590,5.746505603192283
rotated_rectangle_591,-2.0648265184190766
rotated_rectangle_592,7.55270743648121
rotated_rectangle_593,-1.67215204528822
rotated_rectangle_594,-4.106002201876429
rotated_rectangle_595,4.808615455100522
rotated_rectangle_596,1.9933507586340848
rotated_rectangle_597,4.811828363278741
rotated_rectangle_598,6.917735996535953
rotated_rectangle_599,2.318675026057239
rotated_rectangle_600,5.424908066613753
rotated_rectangle_601,7.178652698785811
rotated_rectangle_602,3.0782796235574708
rotated_rectangle_603,-2.09087478653454
rotated_rectangle_604,-9.269315878369028
rotated_rectangle_605,6.164058728116718
rotated_rectangle_606,6.387807506942597
rotated_rectangle_607,5.536943723575021
rotated_rectangle_608,0.8431472736905388
rotated_rectangle_609,-7.939010286980787
rotated_rectangle_610,-4.209825639792138
rotated_rectangle_611,-7.830584537683221
rotated_rectangle_612,-8.672228018461176
rotated_rectangle_613,0.8356877291945217
rotated_rectangle_614,-0.22649608393801657
rotated_rectangle_615,2.8213008937643824
rotated_rectangle_616,-9.361024446495449
rotated_rectangle_617,7.504757797976762
rotated_rectangle_618,6.6283123258057515
rotated_rectangle_619,5.242442484799151
rotated_rectangle_620,-1.0976944344024169
rotated_rectangle_621,-9.329681421669388
rotated_rectangle_622,5.7599314930593355
rotated_rectangle_623,0.2329940188184647
rotated_rectangle_624,-5.139353448575175
rotated_rectangle_625,6.516705423491917
rotated_rectangle_626,-0.4167028251892333
rotated_rectangle_627,-4.664267158815127
rotated_rectangle_628,0.8671591399427108
rotated_rectangle_629,-9.229864776635159
rotated_rectangle_630,0.6855554414427125
rotated_rectangle_631,-1.2771788000433375
rotated_rectangle_632,-3.719972315750823
rotated_rectangle_633,7.149814976072424
rotated_rectangle_634,9.341999600333473
rotated_rectangle_635,8.875358665189133
rotated_rectangle_636,6.093862559208382
rotated_rectangle_637,9.75648335568793
rotated_rectangle_638,-9.200695980344445
rotated_rectangle_639,-5.218666712671844
rotated_rectangle_640,2.492330211811119
rotated_rectangle_641,1.597998204273388
rotated_rectangle_642,-1.3497315046480711
rotated_rectangle_643,5.41847414416376
rotated_rectangle_644,-5.822901643957257
rotated_rectangle_645,5.73767907141896
rotated_rectangle_646,4.088991961973377
rotated_rectangle_647,-3.0114186221192973
rotated_rectangle_648,-5.507483543575211
rotated_rectangle_649,-2.9483489370823035
rotated_rectangle_650,1.3068467829889876
rotated_rectangle_651,8.268058214648658
rotated_rectangle_652,-5.214762210637202
rotated_rectangle_653,9.76540546213759
rotated_rectangle_654,7.765369952591172
rotated_rectangle_655,6.1311482640571455
rotated_rectangle_656,8.119447258542692
rotated_rectangle_657,-1.9981548107135172
rotated_rectangle_658,7.568671020820336
rotated_rectangle_659,2.044053427450585
rotated_rectangle_660,-6.327410736523429
rotated_rectangle_661,9.875431781421025
rotated_rectangle_662,9.551464556122788
rotated_rectangle_663,9.061557436161962
rotated_rectangle_664,-4.414676764808565
rotated_rectangle_665,-4.9124081755805555
rotated_rectangle_666,-0.013657918593990459
rotated_rectangle_667,-6.191546975457989
rotated_rectangle_668,-7.993171987168271
rotated_rectangle_669,1.462084293845491
rotated_rectangle_670,0.7340138778051113
rotated_rectangle_671,-5.134077379674588
rotated_rectangle_672,-0.6174310542972901
rotated_rectangle_673,0.773335301255667
rotated_rectangle_674,7.217652380477023
rotated_rectangle_675,-1.291599020921419
rotated_rectangle_676,-0.6411497982841485
rotated_rectangle_677,8.12516432486403
rotated_rectangle_678,4.818770509302116
rotated_rectangle_679,-6.506742317624468
rotated_rectangle_680,6.638190546231996
rotated_rectangle_681,-1.4462607259291609
rotated_rectangle_682,-9.132518209708543
rotated_rectangle_683,-5.492252191040716
rotated_rectangle_684,7.526311439217565
rotated_rectangle_685,-7.1980212549867595
rotated_rectangle_686,-4.31400431503584
rotated_rectangle_687,-0.024074217663518027
rotated_rectangle_688,-3.1283576823000487
rotated_rectangle_689,8.057399846500921
rotated_rectangle_690,1.3708671720412262
rotated_rectangle_691,-1.7941625063336524
rotated_rectangle_692,-2.743579326338774
rotated_rectangle_693,3.0040930573386166
rotated_rectangle_694,-9.398537643905865
rotated_rectangle_695,4.867128160487118
rotated_rectangle_696,6.49731792443291
rotated_rectangle_697,9.891422837230618
rotated_rectangle_698,-9.51125839684968
rotated_rectangle_699,0.6163680880495974
rotated_rectangle_700,5.460785441097988
rotated_rectangle_701,-6.397520856108072
rotated_rectangle_702,6.3603221612725775
rotated_rectangle_703,5.898495595101245
rotated_rectangle_704,-0.8601715295581727
rotated_rectangle_705,-5.408280060023802
rotated_rectangle_706,0.9543095892937181
rotated_rectangle_707,-5.833177495762831
rotated_rectangle_708,-9.007334609258741
rotated_rectangle_709,-2.934452577411488
rotated_rectangle_710,6.232330917498125
rotated_rectangle_711,-8.707837164780322
rotated_rectangle_712,7.712242377039427
rotated_rectangle_713,3.675155375033601
rotated_rectangle_714,-6.893522247666972
rotated_rectangle_715,-6.803931295400756
rotated_rectangle_716,8.29059082166205
rotated_rectangle_717,-7.236852766956618
rotated_rectangle_718,5.616419723415193
rotated_rectangle_719,6.4136040220719615
rotated_rectangle_720,-8.69891116379044
rotated_rectangle_721,5.066465292790204
rotated_rectangle_722,-6.9486163647620325
rotated_rectangle_723,-9.916523837430516
rotated_rectangle_724,1.6102020013019995
rotated_rectangle_725,2.1198729121143245
rotated_rectangle_726,-3.66390190146552
rotated_rectangle_727,2.4292623752488147
rotated_rectangle_728,-1.9969792584319972
rotated_rectangle_729,2.102241024151592
rotated_rectangle_730,-2.5399428761124536
rotated_rectangle_731,7.224140472036179
rotated_rectangle_732,-5.755691028476873
rotated_rectangle_733,-0.7007732471977199
rotated_rectangle_734,-4.746027054764179
rotated_rectangle_735,-7.191878722687168
rotated_rectangle_736,-7.715511463353031
rotated_rectangle_737,-8.740246731498242
rotated_rectangle_738,-1.7045685276952067
rotated_rectangle_739,-8.255141125026658
rotated_rectangle_740,-2.4135340981342424
rotated_rectangle_741,6.41085381598452
rotated_rectangle_742,7.96214420440802
rotated_rectangle_743,3.4460531268432586
rotated_rectangle_744,-0.925927673211195
rotated_rectangle_745,4.9361580929689985
rotated_rectangle_746,7.400649648439039
rotated_rectangle_747,2.043210793720373
rotated_rectangle_748,-2.7615918416074408
rotated_rectangle_749,4.597198298995863
rotated_rectangle_750,7.288987312575003
rotated_rectangle_751,-8.604911468714283
rotated_rectangle_752,-0.6379299300334544
rotated_rectangle_753,-2.8762943993062207
rotated_rectangle_754,-7.338631396359425
rotated_rectangle_755,7.7507203073879225
rotated_rectangle_756,4.59233580103842
rotated_rectangle_757,3.6769074403459374
rotated_rectangle_758,1.6484871847659939
rotated_rectangle_759,9.9356191923953
rotated_rectangle_760,-9.390447637102008
rotated_rectangle_761,-0.7831113466895285
rotated_rectangle_762,-6.6852734567239995
rotated_rectangle_763,-1.389563086466021
rotated_rectangle_764,-7.934143654429393
rotated_rectangle_765,-7.8602320568983775
rotated_rectangle_766,2.274414191878961
rotated_rectangle_767,0.24833063265852928
rotated_rectangle_768,-6.869933374632509
rotated_rectangle_769,-2.9770306431681703
rotated_rectangle_770,5.577777764604871
rotated_rectangle_771,9.666978925057002
rotated_rectangle_772,-1.848045154166563
rotated_rectangle_773,-2.6486518871344833
rotated_rectangle_774,-9.955385991156422
rotated_rectangle_775,5.642234418167023
rotated_rectangle_776,0.49262801178635307
rotated_rectangle_777,2.148023898210834
rotated_rectangle_778,9.827611988747186
rotated_rectangle_779,6.217377008734125
rotated_rectangle_780,0.46200013855992594
rotated_rectangle_781,-7.773005382411455
rotated_rectangle_782,3.8391411962061017
rotated_rectangle_783,8.389764319539033
rotated_rectangle_784,7.646999986741335
rotated_rectangle_785,9.749582569402023
rotated_rectangle_786,1.2380754202895599
rotated_rectangle_787,-1.1828431828188464
rotated_rectangle_788,-8.026815390144613
rotated_rectangle_789,2.5436664086531273
rotated_rectangle_790,-6.166461645679431
rotated_rectangle_791,4.8775768275767
rotated_rectangle_792,-1.9162050888595683
rotated_rectangle_793,0.8087353331638969
rotated_rectangle_794,4.557499884574092
rotated_rectangle_795,0.9772361031923644
rotated_rectangle_796,5.1997617739876585
rotated_rectangle_797,-4.301258182904664
rotated_rectangle_798,-6.840714294592547
rotated_rectangle_799,-6.698632314465504
rotated_rectangle_800,-6.02508044860434
rotated_rectangle_801,-1.1887246568314005
rotated_rectangle_802,-4.9983809362511895
rotated_rectangle_803,2.76122075990585
rotated_rectangle_804,7.213776662648112
rotated_rectangle_805,6.008058645669831
rotated_rectangle_806,1.909733820575937
rotated_rectangle_807,-3.628880462140085
rotated_rectangle_808,2.617386228014926
rotated_rectangle_809,9.40515536725227
rotated_rectangle_810,-8.819411707881095
rotated_rectangle_811,9.948154031923274
rotated_rectangle_812,2.8615976828592267
rotated_rectangle_813,-8.111551707562732
rotated_rectangle_814,9.666044388840792
rotated_rectangle_815,9.302259842593678
rotated_rectangle_816,9.73442325059419
rotated_rectangle_817,5.110939219824598
rotated_rectangle_818,-2.266372163397743
rotated_rectangle_819,5.7665202216538205
rotated_rectangle_820,-9.961058184925658
rotated_rectangle_821,3.4857523501680916
rotated_rectangle_822,1.203691474272052
rotated_rectangle_823,-7.133509324523432
rotated_rectangle_824,5.216812673538612
rotated_rectangle_825,-0.26649858402770477
rotated_rectangle_826,-9.637652709449611
rotated_rectangle_827,6.848359136845687
rotated_rectangle_828,4.8309575293560965
rotated_rectangle_829,-1.4413054117258888
rotated_rectangle_830,0.9315519331660322
rotated_rectangle_831,-6.6141139184188
rotated_rectangle_832,1.885373967743103
rotated_rectangle_833,1.0576358520457916
rotated_rectangle_834,-6.92327490507064
rotated_rectangle_835,9.917570907550598
rotated_rectangle_836,6.509834381449348
rotated_rectangle_837,0.7870612687361156
rotated_rectangle_838,-4.376510000408045
rotated_rectangle_839,8.782635031309816
rotated_rectangle_840,3.407205291025983
rotated_rectangle_841,3.872603842413227
rotated_rectangle_842,-5.869500976870327
rotated_rectangle_843,-5.505148845563525
rotated_rectangle_844,5.748450006769318
rotated_rectangle_845,8.271314168728608
rotated_rectangle_846,-0.28041294909160897
rotated_rectangle_847,5.535751729532098
rotated_rectangle_848,-5.2472883365013985
rotated_rectangle_849,-7.771268244975344
rotated_rectangle_850,9.944650917512355
rotated_rectangle_851,2.2882231064161935
rotated_rectangle_852,8.254259487899095
rotated_rectangle_853,4.9722059897716075
rotated_rectangle_854,-1.268879619296154
rotated_rectangle_855,4.823339426381157
rotated_rectangle_856,-9.076906383415457
rotated_rectangle_857,7.6414728961989695
rotated_rectangle_858,8.863473474612416
rotated_rectangle_859,3.3859283503213184
rotated_rectangle_860,-8.988158672114892
rotated_rectangle_861,0.05322420783740789
rotated_rectangle_862,0.42616697357832223
rotated_rectangle_863,-6.924736201806104
rotated_rectangle_864,-7.291914290408796
rotated_rectangle_865,-8.502618756526612
rotated_rectangle_866,8.882810978679473
rotated_rectangle_867,8.289703194685735
rotated_rectangle_868,-9.637714585716415
rotated_rectangle_869,3.8983383193335435
rotated_rectangle_870,9.571078547312641
rotated_rectangle_871,-3.5669393361047463
rotated_rectangle_872,-2.39006015725937
rotated_rectangle_873,2.303795394744183
rotated_rectangle_874,8.01706835574634
rotated_rectangle_875,1.5242031104301983
rotated_rectangle_876,7.935092893121627
rotated_rectangle_877,-8.496660480120857
rotated_rectangle_878,5.832468285435283
rotated_rectangle_879,-0.3221678911059005
rotated_rectangle_880,5.260411147541973
rotated_rectangle_881,9.57791130655271
rotated_rectangle_882,2.4732140392620288
rotated_rectangle_883,9.493311565725328
rotated_rectangle_884,-7.288270213318442
rotated_rectangle_885,-0.2537791320740084
rotated_rectangle_886,-4.468592295076537
rotated_rectangle_887,-6.083723108210197
rotated_rectangle_888,9.53856310828214
rotated_rectangle_889,5.978679099133581
rotated_rectangle_890,7.931446951665443
rotated_rectangle_891,-5.108939773676751
rotated_rectangle_892,-1.172904569355227
rotated_rectangle_893,-9.153609967448816
rotated_rectangle_894,-2.793829658709777
rotated_rectangle_895,4.191461549858538
rotated_rectangle_896,8.379549087790046
rotated_rectangle_897,-9.622249384736772
rotated_rectangle_898,1.0660865232893002
rotated_rectangle_899,-3.5765127247292376
rotated_rectangle_900,8.416053695551856
rotated_rectangle_901,-2.621339997610841
rotated_rectangle_902,-3.1603105714329205
rotated_rectangle_903,6.320093508822424
rotated_rectangle_904,-6.829715543607597
rotated_rectangle_905,-6.932501214706896
rotated_rectangle_906,-7.74545073011927
rotated_rectangle_907,-6.26225103068788
rotated_rectangle_908,-0.39736397460511874
rotated_rectangle_909,5.24696242499909
rotated_rectangle_910,0.15443860236268137
rotated_rectangle_911,-0.8786586921806698
rotated_rectangle_912,-5.46462991578879
rotated_rectangle_913,-9.433454276850528
rotated_rectangle_914,-6.88290804238666
rotated_rectangle_915,-1.776523944839381
rotated_rectangle_916,-7.7938410125612645
rotated_rectangle_917,-5.03501186000465
rotated_rectangle_918,8.820485318615024
rotated_rectangle_919,-5.148631569637391
rotated_rectangle_920,8.992620377765835
rotated_rectangle_921,-7.150114462612784
rotated_rectangle_922,4.64598096274573
rotated_rectangle_923,5.789793712531818
rotated_rectangle_924,3.317924896162417
rotated_rectangle_925,7.583109627542523
rotated_rectangle_926,8.60516916248449
rotated_rectangle_927,9.422684687054801
rotated_rectangle_928,9.888317099519309
rotated_rectangle_929,-6.697651136814066
rotated_rectangle_930,-5.250421587950775
rotated_rectangle_931,-3.4910585074027
rotated_rectangle_932,8.89889154798227
rotated_rectangle_933,-6.800283452099034
rotated_rectangle_934,-5.532041067812907
rotated_rectangle_935,-7.443733454690149
rotated_rectangle_936,5.840065419229765
rotated_rectangle_937,0.9442326427570862
rotated_rectangle_938,1.6226355001598787
rotated_rectangle_939,7.208681464819385
rotated_rectangle_940,-0.8217106298175203
rotated_rectangle_941,-2.5476445427007626
rotated_rectangle_942,8.482092663405801
rotated_rectangle_943,1.2496766498942868
rotated_rectangle_944,-8.083315874030216
rotated_rectangle_945,-6.761959432814506
rotated_rectangle_946,3.647636669920688
rotated_rectangle_947,-1.3232131362416677
rotated_rectangle_948,-5.579162788604435
rotated_rectangle_949,-4.107309372989887
rotated_rectangle_950,4.5702998067034635
rotated_rectangle_951,5.923172949059543
rotated_rectangle_952,1.6908579829881472
rotated_rectangle_953,2.6547025888796796
rotated_rectangle_954,-0.5577687511226408
rotated_rectangle_955,4.3147363554141
rotated_rectangle_956,7.309001194797233
rotated_rectangle_957,-8.974535276941948
rotated_rectangle_958,-0.5626408170792772
rotated_rectangle_959,5.548421236690384
rotated_rectangle_960,4.310353381182125
rotated_rectangle_961,-1.2995722566403245
rotated_rectangle_962,5.8286139918381235
rotated_rectangle_963,4.3336019221647355
rotated_rectangle_964,8.053355427832464
rotated_rectangle_965,3.6596175883884854
rotated_rectangle_966,-1.3242680040343036
rotated_rectangle_967,9.431895697182998
rotated_rectangle_968,8.148255531133032
rotated_rectangle_969,-3.0362079107937623
rotated_rectangle_970,-3.0102176730601755
rotated_rectangle_971,-3.1088270181133844
rotated_rectangle_972,5.930782046438603
rotated_rectangle_973,9.161359505270458
rotated_rectangle_974,-4.059703653784565
rotated_rectangle_975,-7.7573538023072235
rotated_rectangle_976,7.712961060501037
rotated_rectangle_977,1.7166509279670112
rotated_rectangle_978,-1.3754340460009402
rotated_rectangle_979,-4.178097245678494
rotated_rectangle_980,6.477905662323266
rotated_rectangle_981,2.4805973806048005
rotated_rectangle_982,0.6894536959472433
rotated_rectangle_983,-6.504481329019718
rotated_rectangle_984,-7.670878328030626
rotated_rectangle_985,7.235612776321819
rotated_rectangle_986,3.3714051073238274
rotated_rectangle_987,8.263538273466093
rotated_rectangle_988,-3.4774297653726016
rotated_rectangle_989,-8.289930284918318
rotated_rectangle_990,5.685217295737793
rotated_rectangle_991,-9.21746485975584
rotated_rectangle_992,-4.353609422013653
rotated_rectangle_993,-0.023521425167096766
rotated_rectangle_994,-6.783478814605646
rotated_rectangle_995,6.48764122773332
rotated_rectangle_996,6.716265967944135
rotated_rectangle_997,9.111206018859537
rotated_rectangle_998,2.632111670465843
rotated_rectangle_999,-5.486199598416059
rotated_rectangle_1000,1.9940122320544944
rotated_rectangle_1001,-9.360868850204938
rotated_rectangle_1002,5.58069807475337
rotated_rectangle_1003,-4.9423443305918
rotated_rectangle_1004,4.541005780618603
rotated_rectangle_1005,-4.397352594986081
rotated_rectangle_1006,7.672292532742539
rotated_rectangle_1007,3.6670308061143437
rotated_rectangle_1008,9.970745025960067
rotated_rectangle_1009,3.2298686813118653
rotated_rectangle_1010,-3.322037724890004
rotated_rectangle_1011,-8.309794212885356
rotated_rectangle_1012,-1.0376572191375448
rotated_rectangle_1013,5.980551689568884
rotated_rectangle_1014,0.7495018259529012
rotated_rectangle_1015,-4.984545724633181
rotated_rectangle_1016,-5.125880436644663
rotated_rectangle_1017,5.90395391384013
rotated_rectangle_1018,1.534007213926131
rotated_rectangle_1019,7.771671940138496
rotated_rectangle_1020,-0.8490106643203283
rotated_rectangle_1021,-9.184217895130057
rotated_rectangle_1022,-6.476531024566492
rotated_rectangle_1023,-3.010309366555985
rotated_rectangle_1024,-8.53631699440217
rotated_rectangle_1025,-5.106425348467347
rotated_rectangle_1026,2.955605763199344
rotated_rectangle_1027,5.5467959255125105
rotated_rectangle_1028,8.727046828277022
rotated_rectangle_1029,-5.480108837279383
rotated_rectangle_1030,6.880979761815613
rotated_rectangle_1031,-6.751466803378195
rotated_rectangle_1032,-7.5503435983064975
rotated_rectangle_1033,-1.0368796188408318
rotated_rectangle_1034,0.33658553430540294
rotated_rectangle_1035,-6.975374791907624
rotated_rectangle_1036,9.100471007209496
rotated_rectangle_1037,-5.389830656691689
rotated_rectangle_1038,9.495130858890953
rotated_rectangle_1039,9.466803898351348
rotated_rectangle_1040,-4.502789145823513
rotated_rectangle_1041,3.4655478110674753
rotated_rectangle_1042,-9.038321445034136
rotated_rectangle_1043,-8.809747317195495
rotated_rectangle_1044,4.1912839742385195
rotated_rectangle_1045,-9.31253014836483
rotated_rectangle_1046,9.617714319669592
rotated_rectangle_1047,-0.9711241684033318
rotated_rectangle_1048,8.556377555778731
rotated_rectangle_1049,-9.277686376556849
rotated_rectangle_1050,7.554273799449835
rotated_rectangle_1051,5.336235622661249
rotated_rectangle_1052,7.471409625611916
rotated_rectangle_1053,-9.152655874407213
rotated_rectangle_1054,4.472981621635338
rotated_rectangle_1055,2.5247836353443827
rotated_rectangle_1056,-1.9621389460375802
rotated_rectangle_1057,4.621449754874586
rotated_rectangle_1058,-6.356356769796154
rotated_rectangle_1059,4.3215142853251365
rotated_rectangle_1060,6.485400555589138
rotated_rectangle_1061,-7.2547630872784925
rotated_rectangle_1062,1.2843144176812125
rotated_rectangle_1063,9.435267079704388
rotated_rectangle_1064,3.5227577673910577
rotated_rectangle_1065,8.852584702836719
rotated_rectangle_1066,-6.2974174142303845
rotated_rectangle_1067,-7.9758870370741946
rotated_rectangle_1068,3.224332454338475
rotated_rectangle_1069,-2.3679209081066084
rotated_rectangle_1070,9.19120740343834
rotated_rectangle_1071,-5.812325623745509
rotated_rectangle_1072,5.9748615004945655
rotated_rectangle_1073,-5.828500937145414
rotated_rectangle_1074,-3.788861081116548
rotated_rectangle_1075,1.6434942128167087
rotated_rectangle_1076,2.1180618554777517
rotated_rectangle_1077,-0.4738230760691273
rotated_rectangle_1078,9.517720647305733
rotated_rectangle_1079,-8.013824961815413
rotated_rectangle_1080,-5.893764347168826
rotated_rectangle_1081,2.2891938234037674
rotated_rectangle_1082,2.468079565796506
rotated_rectangle_1083,0.8390595293924257
rotated_rectangle_1084,4.447453011276956
rotated_rectangle_1085,0.7499131964401826
rotated_rectangle_1086,-1.82532112378194
rotated_rectangle_1087,-0.4169878984622777
rotated_rectangle_1088,3.8094492583057686
rotated_rectangle_1089,4.584604974424543
rotated_rectangle_1090,6.371247249451713
rotated_rectangle_1091,2.1608187703467223
rotated_rectangle_1092,-9.309713826824439
rotated_rectangle_1093,0.9242145706939766
rotated_rectangle_1094,-7.128495411175915
rotated_rectangle_1095,9.545653766973462
rotated_rectangle_1096,-2.3476054124427943
rotated_rectangle_1097,-7.017037385366088
rotated_rectangle_1098,5.6368373077803895
rotated_rectangle_1099,-9.717773862746073
rotated_rectangle_1100,-9.25981825079933
rotated_rectangle_1101,0.7278127020456573
rotated_rectangle_1102,-1.3443273934091042
rotated_rectangle_1103,9.039753709154613
rotated_rectangle_1104,-7.57673901024128
rotated_rectangle_1105,-5.631642388678271
rotated_rectangle_1106,3.7108684544890362
rotated_rectangle_1107,-2.5757440555582285
rotated_rectangle_1108,-4.207956697995705
rotated_rectangle_1109,-2.5089340923691106
rotated_rectangle_1110,-4.168803115383994
rotated_rectangle_1111,-2.9417003573091183
rotated_rectangle_1112,4.1656105782207185
rotated_rectangle_1113,4.840490096093031
rotated_rectangle_1114,8.525528274924813
rotated_rectangle_1115,-3.2899614882571555
rotated_rectangle_1116,-7.405175704893692
rotated_rectangle_1117,-9.664349648330084
rotated_rectangle_1118,9.963378247510807
rotated_rectangle_1119,1.2667543268157964
rotated_rectangle_1120,4.826619167945443
rotated_rectangle_1121,4.897089516340046
rotated_rectangle_1122,-0.8380137552066174
rotated_rectangle_1123,-0.03641342664720071
rotated_rectangle_1124,2.0412058824586783
rotated_rectangle_1125,-4.546016450401704
rotated_rectangle_1126,7.561415115978715
rotated_rectangle_1127,8.961069207311763
rotated_rectangle_1128,1.0078212006717848
rotated_rectangle_1129,-6.635498766950123
rotated_rectangle_1130,-0.9056128065142861
rotated_rectangle_1131,-6.978400532812219
rotated_rectangle_1132,-1.5708406686248537
rotated_rectangle_1133,8.245288711073446
rotated_rectangle_1134,0.6448697728266861
rotated_rectangle_1135,-6.687136067175006
rotated_rectangle_1136,-8.75854369438448
rotated_rectangle_1137,9.0296530057884
rotated_rectangle_1138,-1.5523242064659186
rotated_rectangle_1139,0.25318568555899823
rotated_rectangle_1140,2.2874596064751564
rotated_rectangle_1141,7.812473183990424
rotated_rectangle_1142,-4.462273166466851
rotated_rectangle_1143,-9.677489980885428
rotated_rectangle_1144,6.285359603234152
rotated_rectangle_1145,9.453429065954321
rotated_rectangle_1146,3.3428026384217695
rotated_rectangle_1147,4.600787708040038
rotated_rectangle_1148,-9.107988724360796
rotated_rectangle_1149,2.6042569909616553
rotated_rectangle_1150,8.51131679622205
rotated_rectangle_1151,-8.18427958888063
rotated_rectangle_1152,-7.24389584404193
rotated_rectangle_1153,3.8331630478627705
rotated_rectangle_1154,4.37659041728509
rotated_rectangle_1155,6.642367872224501
rotated_rectangle_1156,-2.3807959422750287
rotated_rectangle_1157,-1.6306348824103907
rotated_rectangle_1158,6.3391864216756915
rotated_rectangle_1159,-5.989166606639373
rotated_rectangle_1160,2.6550890225408192
rotated_rectangle_1161,-2.3575894444073464
rotated_rectangle_1162,4.290769523984519
rotated_rectangle_1163,7.89885446896599
rotated_rectangle_1164,-7.6648851881643605
rotated_rectangle_1165,-0.3669576674340025
rotated_rectangle_1166,2.646579743749056
rotated_rectangle_1167,-2.4213585767306345
rotated_rectangle_1168,-6.784387557657778
rotated_rectangle_1169,0.10134034511072976
rotated_rectangle_1170,5.4490176198014595
rotated_rectangle_1171,2.1533312391305834
rotated_rectangle_1172,4.134274429157987
rotated_rectangle_1173,4.69780903956722
rotated_rectangle_1174,8.746243469879794
rotated_rectangle_1175,0.8205737857562045
rotated_rectangle_1176,1.0582160600926027
rotated_rectangle_1177,-5.1241291015832395
rotated_rectangle_1178,-0.4744719004949651
rotated_rectangle_1179,3.950503858999941
rotated_rectangle_1180,5.559890751726131
rotated_rectangle_1181,-9.508058715342905
rotated_rectangle_1182,2.203717333373209
rotated_rectangle_1183,-9.854568289607702
rotated_rectangle_1184,7.494511408740518
rotated_rectangle_1185,2.5708325139160806
rotated_rectangle_1186,2.914776726483492
rotated_rectangle_1187,7.615499033853176
rotated_rectangle_1188,-8.092700490322216
rotated_rectangle_1189,-7.239675572235069
rotated_rectangle_1190,4.454223302272995
rotated_rectangle_1191,-9.932604075598093
rotated_rectangle_1192,-5.228877551304329
rotated_rectangle_1193,-5.101633566550506
rotated_rectangle_1194,-8.884772663070288
rotated_rectangle_1195,-3.95878945379968
rotated_rectangle_1196,-1.0986179783072139
rotated_rectangle_1197,2.4317013702692805
rotated_rectangle_1198,-7.084918168745292
rotated_rectangle_1199,-6.893001596013599
